{
    "total_runtime": 33747.52639198303,
    "num_documents": 100,
    "input_load_time": 0,
    "workflows": {
        "create_base_text_units": {
            "overall": 1.092926025390625,
            "0_create_base_text_units": 1.092926025390625
        },
        "create_final_documents": {
            "overall": 0.0,
            "0_create_final_documents": 0.0
        },
        "create_base_entity_graph": {
            "overall": 30881.513263463974,
            "0_create_base_entity_graph": 30881.513263463974
        },
        "create_final_entities": {
            "overall": 0.3368403911590576,
            "0_create_final_entities": 0.3368403911590576
        },
        "create_final_nodes": {
            "overall": 2.026883125305176,
            "0_create_final_nodes": 2.026883125305176
        },
        "create_final_communities": {
            "overall": 0.729759931564331,
            "0_create_final_communities": 0.7140293121337891
        },
        "create_final_relationships": {
            "overall": 0.3807413578033447,
            "0_create_final_relationships": 0.3807413578033447
        },
        "create_final_text_units": {
            "overall": 0.016036033630371094,
            "0_create_final_text_units": 0.016036033630371094
        },
        "create_final_community_reports": {
            "overall": 2825.9765207767487,
            "0_create_final_community_reports": 2825.9765207767487
        },
        "generate_text_embeddings": {
            "overall": 33.93823480606079,
            "0_generate_text_embeddings": 33.93823480606079
        }
    }
}